"","dataset","sub_count","sex","age","count"
"1","camcan",327,"M",55.398868501529,646
"2","camcan",319,"F",54.4625078369907,646
"3","chbp",195,"M",29.8974358974359,282
"4","chbp",87,"F",36.7241379310345,282
"5","lemon",145,"M",35.9655172413793,227
"6","lemon",82,"F",44.1951219512195,227
"7","tuab",610,"M",45.6918032786885,1385
"8","tuab",775,"F",43.3096774193548,1385
